VRP78C	        1144135909	       11/09/2022	1	MOTOCICLETA	
BAQ017	        18913405	       11/09/2022	5	AUTOMOVILES FAMILIARES	
HMY26E	        1117517331	       11/09/2022	1	MOTOCICLETA	
FET24F	        1037656425	       11/09/2022	1	MOTOCICLETA	
BIO15D	        40342537	       11/09/2022	1	MOTOCICLETA	
CIT913	        52933494	       11/09/2022	5	AUTOMOVILES FAMILIARES	
CQL438	        31991067	       11/09/2022	2	CAMPEROS Y CAMIONETAS	
CRY357	        80420778	       11/09/2022	5	AUTOMOVILES FAMILIARES	
EII92C	        95071013848	       11/09/2022	1	MOTOCICLETA	
BFE700	        19211754	       11/09/2022	5	AUTOMOVILES FAMILIARES	
FAA35F	        1075676668	       11/09/2022	1	MOTOCICLETA	
DRT695	        1110464512	       11/09/2022	2	CAMPEROS Y CAMIONETAS	
QMH36E	        18184028	       11/09/2022	1	MOTOCICLETA	
VAN936	        49609646	       11/09/2022	5	AUTOMOVILES FAMILIARES	
MPW783	        16602789	       27/09/2022	5	AUTOMOVILES FAMILIARES	
IJW335	        51939026	       11/09/2022	2	CAMPEROS Y CAMIONETAS	
XFE54E	        1024538310	       24/09/2022	1	MOTOCICLETA	
CXX373	        30279493	       11/09/2022	6	VEH. PARTICULARES 6 O MAS PASAJEROS	
CHL825	        41777150	       11/09/2022	5	AUTOMOVILES FAMILIARES	
WPO889	        79669076	       12/09/2022	7	AUTOS DE NEGOCIO ALQUILER ENSEÐANZA	
MTS50F	        1234641783	       11/09/2022	1	MOTOCICLETA	
BRM700	        87065674	       11/09/2022	5	AUTOMOVILES FAMILIARES	
NYD34A	        7689887  	       11/09/2022	1	MOTOCICLETA	
BDM476	        1057710325	       11/09/2022	5	AUTOMOVILES FAMILIARES	
KBY115	        55304306	       11/09/2022	5	AUTOMOVILES FAMILIARES	
ZUW42E	        1128273027	       24/09/2022	1	MOTOCICLETA	
JDK839	        34539069	       11/09/2022	5	AUTOMOVILES FAMILIARES	
NGA19E	        1088008011	       11/09/2022	1	MOTOCICLETA	
IJV738	        1032417429	       12/09/2022	2	CAMPEROS Y CAMIONETAS	
HML955	        17656067	       11/09/2022	2	CAMPEROS Y CAMIONETAS	
CFF749	        27287344	       11/09/2022	5	AUTOMOVILES FAMILIARES	
CZT076	        79627783	       11/09/2022	5	AUTOMOVILES FAMILIARES	
QGZ050	        8530832 	       11/09/2022	7	AUTOS DE NEGOCIO ALQUILER ENSEÐANZA	
CVV814	        79650122	       11/09/2022	5	AUTOMOVILES FAMILIARES	
MFV856	        42791828	       11/09/2022	5	AUTOMOVILES FAMILIARES	
MSY757	        83242995	       11/09/2022	2	CAMPEROS Y CAMIONETAS	
TJI66E	        1013618844	       11/09/2022	1	MOTOCICLETA	
RAU915	        52861246	       11/09/2022	5	AUTOMOVILES FAMILIARES	
QFE755	        21863725	       11/09/2022	5	AUTOMOVILES FAMILIARES	
BEK709	        17148161	       12/09/2022	2	CAMPEROS Y CAMIONETAS	
JPL448	        1144153621	       11/09/2022	5	AUTOMOVILES FAMILIARES	
ONJ82C	        16053769	       11/09/2022	1	MOTOCICLETA	
CCZ873	        26430801	       11/09/2022	5	AUTOMOVILES FAMILIARES	
SWR996	        79004662	       12/09/2022	7	AUTOS DE NEGOCIO ALQUILER ENSEÐANZA	
VDI575	        80165308	       12/09/2022	7	AUTOS DE NEGOCIO ALQUILER ENSEÐANZA	
RGU432	        52281200	       11/09/2022	5	AUTOMOVILES FAMILIARES	
EFT99F	        1033801241	       12/09/2022	1	MOTOCICLETA	
MCW20F	        900272742	       11/09/2022	1	MOTOCICLETA	
UFT781	        88284998	       11/09/2022	3	CARGA O MIXTOS	
EHR529	        1000333297	       11/09/2022	5	AUTOMOVILES FAMILIARES	
CYJ77F	        1015448911	       11/09/2022	1	MOTOCICLETA	
GLN328	        5826301	           11/09/2022	2	CAMPEROS Y CAMIONETAS	
DBV156	        901275269	       11/09/2022	6	VEH. PARTICULARES 6 O MAS PASAJEROS	
ICK528	        79350424	       11/09/2022	6	VEH. PARTICULARES 6 O MAS PASAJEROS	
VPR01D	        12277102	       11/09/2022	1	MOTOCICLETA	
FED520	        52905748	       11/09/2022	5	AUTOMOVILES FAMILIARES	
FJP24C	        1100953548	       11/09/2022	1	MOTOCICLETA	
RCP282	        52224280	       11/09/2022	5	AUTOMOVILES FAMILIARES	
EWG54F	        14316634	       11/09/2022	1	MOTOCICLETA	
BFI392	        13826804	       11/09/2022	5	AUTOMOVILES FAMILIARES	
QHI664	        22460844	       11/09/2022	5	AUTOMOVILES FAMILIARES	
IYE480	        1725776  	       11/09/2022	6	VEH. PARTICULARES 6 O MAS PASAJEROS	
LTV92D	        900093756	       11/09/2022	1	MOTOCICLETA	
IOG32D	        1072644160	       11/09/2022	1	MOTOCICLETA	
XNO52D	        83235053	       11/09/2022	1	MOTOCICLETA	
OVZ92D	        20714134	       11/09/2022	1	MOTOCICLETA	
DCL88E	        1075306312	       11/09/2022	1	MOTOCICLETA	
FQZ923	        16369706	       11/09/2022	2	CAMPEROS Y CAMIONETAS	
DHW037	        80126180	       11/09/2022	5	AUTOMOVILES FAMILIARES	
CVR016	        53047467	       11/09/2022	5	AUTOMOVILES FAMILIARES	
CYW140	        1072423391	       11/09/2022	5	AUTOMOVILES FAMILIARES	
MWX600	        18496003	       12/09/2022	2	CAMPEROS Y CAMIONETAS	
ABL547	        18918943	       11/09/2022	6	VEH. PARTICULARES 6 O MAS PASAJEROS	
YMV32D	        75098801	       11/09/2022	1	MOTOCICLETA	
WRC815	        7563644 	       11/09/2022	5	AUTOMOVILES FAMILIARES	
BZF464	        1023952292	       11/09/2022	5	AUTOMOVILES FAMILIARES	
IVB12E	        1097033661	       11/09/2022	1	MOTOCICLETA	
CBP764	        25335590	       11/09/2022	5	AUTOMOVILES FAMILIARES	
GXQ399	        1112788217	       12/09/2022	5	AUTOMOVILES FAMILIARES	
HEO705	        94377623	       11/09/2022	5	AUTOMOVILES FAMILIARES	
ZYY290	        60339415	       11/09/2022	5	AUTOMOVILES FAMILIARES	
GEP094	        1095815279	       11/09/2022	5	AUTOMOVILES FAMILIARES	
PEL280	        16051676	       12/09/2022	2	CAMPEROS Y CAMIONETAS	
ZXC75C	        36068988	       11/09/2022	1	MOTOCICLETA	
YGP36C	        80188774	       11/09/2022	1	MOTOCICLETA	
JCW884	        71387203	       11/09/2022	5	AUTOMOVILES FAMILIARES	
KKC352	        45520975	       11/09/2022	5	AUTOMOVILES FAMILIARES	
HCV042	        1024468560	       11/09/2022	5	AUTOMOVILES FAMILIARES	
LUD85F	        1038360479	       11/09/2022	1	MOTOCICLETA	
TDT77C	        1039465039	       11/09/2022	1	MOTOCICLETA	
MCP79F	        80879931	       11/09/2022	1	MOTOCICLETA	
DDL995	        79952796	       21/09/2022	5	AUTOMOVILES FAMILIARES	
VTA23E	        1036626981	       11/09/2022	1	MOTOCICLETA	
CPI58D	        1040043637	       12/09/2022	1	MOTOCICLETA	
KCJ40C	        43035961	       11/09/2022	1	MOTOCICLETA	
CXH28F	        1033686510	       11/09/2022	1	MOTOCICLETA	
GQE55E	        1214715170	       11/09/2022	1	MOTOCICLETA	
UVH10E	        1010206120	       11/09/2022	1	MOTOCICLETA	
RKV102	        19125261	       11/09/2022	6	VEH. PARTICULARES 6 O MAS PASAJEROS	
PFU228	        55212803	       11/09/2022	6	VEH. PARTICULARES 6 O MAS PASAJEROS	
KWV43C	        1036957395	       11/09/2022	1	MOTOCICLETA	
IDN297	        1085259302	       11/09/2022	5	AUTOMOVILES FAMILIARES	
UUQ855	        80067699	       11/09/2022	5	AUTOMOVILES FAMILIARES	
ZIS952	        396819  	       11/09/2022	5	AUTOMOVILES FAMILIARES	
WOB13D	        1193527481	       11/09/2022	1	MOTOCICLETA	
DXR964	        24763326	       11/09/2022	5	AUTOMOVILES FAMILIARES	
CDU271	        7960873	           11/09/2022	5	AUTOMOVILES FAMILIARES	
AUR110	        1085305163	       11/09/2022	5	AUTOMOVILES FAMILIARES	
NFG76F	        1122651485	       11/09/2022	1	MOTOCICLETA	
DJQ533	        41913748	       12/09/2022	6	VEH. PARTICULARES 6 O MAS PASAJEROS	
WWQ85E	        32295275	       24/09/2022	1	MOTOCICLETA	
LIC521	        3596500  	       11/09/2022	5	AUTOMOVILES FAMILIARES	
RKN196	        1013647770	       11/09/2022	5	AUTOMOVILES FAMILIARES	
DCY14A	        98453717	       11/09/2022	1	MOTOCICLETA	
FNR654	        51781825	       11/09/2022	5	AUTOMOVILES FAMILIARES	
ZYK446	        1018413069	       11/09/2022	5	AUTOMOVILES FAMILIARES	
FEI91F	        98674246	       11/09/2022	1	MOTOCICLETA	
IGY27E	        71723531	       11/09/2022	1	MOTOCICLETA	
SDU870	        72147525	       12/09/2022	7	AUTOS DE NEGOCIO ALQUILER ENSEÐANZA	
ZGK96E	        1010161917	       11/09/2022	1	MOTOCICLETA	
FMQ78F	        1109005905	       11/09/2022	1	MOTOCICLETA	
BXM52D	        1123328179	       11/09/2022	1	MOTOCICLETA	
JCE23E	        3277089 	       11/09/2022	1	MOTOCICLETA	
EGW645	        22449525	       11/09/2022	5	AUTOMOVILES FAMILIARES	
HGV782	        1015410284	       12/09/2022	5	AUTOMOVILES FAMILIARES	
JDO427	        41549974	       11/09/2022	5	AUTOMOVILES FAMILIARES	
DLF80E	        1088298007         11/09/2022	1	MOTOCICLET