{
  "expedirPolizaXML_SAZ39D" : {
    "transaction" : "expedirPolizaXML_SAZ39D",
    "sampleCount" : 18,
    "errorCount" : 0,
    "errorPct" : 0.0,
    "meanResTime" : 842.5555555555557,
    "medianResTime" : 213.0,
    "minResTime" : 132.0,
    "maxResTime" : 2961.0,
    "pct1ResTime" : 2324.700000000001,
    "pct2ResTime" : 2961.0,
    "pct3ResTime" : 2961.0,
    "throughput" : 0.998003992015968,
    "receivedKBytesPerSec" : 1.6454720766799733,
    "sentKBytesPerSec" : 3.161645459081836
  },
  "ConsultarInfoVehiculoRuntDoc_EHH50F" : {
    "transaction" : "ConsultarInfoVehiculoRuntDoc_EHH50F",
    "sampleCount" : 22,
    "errorCount" : 0,
    "errorPct" : 0.0,
    "meanResTime" : 963.3636363636365,
    "medianResTime" : 932.5,
    "minResTime" : 793.0,
    "maxResTime" : 1204.0,
    "pct1ResTime" : 1122.9,
    "pct2ResTime" : 1193.0499999999997,
    "pct3ResTime" : 1204.0,
    "throughput" : 1.1911207363291825,
    "receivedKBytesPerSec" : 2.8289117487818087,
    "sentKBytesPerSec" : 0.76887774093124
  },
  "expedirPolizaXML_SAI88E" : {
    "transaction" : "expedirPolizaXML_SAI88E",
    "sampleCount" : 17,
    "errorCount" : 0,
    "errorPct" : 0.0,
    "meanResTime" : 776.2352941176472,
    "medianResTime" : 248.0,
    "minResTime" : 143.0,
    "maxResTime" : 2733.0,
    "pct1ResTime" : 2430.6,
    "pct2ResTime" : 2733.0,
    "pct3ResTime" : 2733.0,
    "throughput" : 1.1098054576315446,
    "receivedKBytesPerSec" : 1.831293759792401,
    "sentKBytesPerSec" : 3.5201641859250556
  },
  "CalcularPoliza_EHH50F" : {
    "transaction" : "CalcularPoliza_EHH50F",
    "sampleCount" : 20,
    "errorCount" : 0,
    "errorPct" : 0.0,
    "meanResTime" : 901.8499999999999,
    "medianResTime" : 895.0,
    "minResTime" : 691.0,
    "maxResTime" : 1250.0,
    "pct1ResTime" : 1131.6000000000001,
    "pct2ResTime" : 1244.6,
    "pct3ResTime" : 1250.0,
    "throughput" : 1.1514104778353484,
    "receivedKBytesPerSec" : 1.4246455814622911,
    "sentKBytesPerSec" : 1.6439083189407022
  },
  "CalcularPoliza_SAI88E" : {
    "transaction" : "CalcularPoliza_SAI88E",
    "sampleCount" : 20,
    "errorCount" : 0,
    "errorPct" : 0.0,
    "meanResTime" : 876.35,
    "medianResTime" : 829.5,
    "minResTime" : 688.0,
    "maxResTime" : 1067.0,
    "pct1ResTime" : 1029.8,
    "pct2ResTime" : 1065.15,
    "pct3ResTime" : 1067.0,
    "throughput" : 1.1807072436389399,
    "receivedKBytesPerSec" : 1.6280845976740068,
    "sentKBytesPerSec" : 1.6857363185548144
  },
  "expedirPolizaXML_EHH50F" : {
    "transaction" : "expedirPolizaXML_EHH50F",
    "sampleCount" : 18,
    "errorCount" : 0,
    "errorPct" : 0.0,
    "meanResTime" : 804.4444444444443,
    "medianResTime" : 218.5,
    "minResTime" : 129.0,
    "maxResTime" : 2852.0,
    "pct1ResTime" : 2790.8,
    "pct2ResTime" : 2852.0,
    "pct3ResTime" : 2852.0,
    "throughput" : 1.0910413383440416,
    "receivedKBytesPerSec" : 1.800940360195175,
    "sentKBytesPerSec" : 3.460646745060007
  },
  "CalcularPoliza_PVG01E" : {
    "transaction" : "CalcularPoliza_PVG01E",
    "sampleCount" : 20,
    "errorCount" : 0,
    "errorPct" : 0.0,
    "meanResTime" : 832.9000000000001,
    "medianResTime" : 794.0,
    "minResTime" : 648.0,
    "maxResTime" : 1089.0,
    "pct1ResTime" : 996.4,
    "pct2ResTime" : 1084.3999999999999,
    "pct3ResTime" : 1089.0,
    "throughput" : 1.115137998327293,
    "receivedKBytesPerSec" : 1.533314747700028,
    "sentKBytesPerSec" : 1.5921208530805688
  },
  "ConsultarInfoVehiculoRuntDoc_SAI88E" : {
    "transaction" : "ConsultarInfoVehiculoRuntDoc_SAI88E",
    "sampleCount" : 22,
    "errorCount" : 0,
    "errorPct" : 0.0,
    "meanResTime" : 937.0,
    "medianResTime" : 911.5,
    "minResTime" : 790.0,
    "maxResTime" : 1237.0,
    "pct1ResTime" : 1139.8999999999999,
    "pct2ResTime" : 1226.8,
    "pct3ResTime" : 1237.0,
    "throughput" : 1.2191067272525766,
    "receivedKBytesPerSec" : 2.9810969189848167,
    "sentKBytesPerSec" : 0.786942916712845
  },
  "ConsultarInfoVehiculoRuntDoc_PVG01E" : {
    "transaction" : "ConsultarInfoVehiculoRuntDoc_PVG01E",
    "sampleCount" : 22,
    "errorCount" : 0,
    "errorPct" : 0.0,
    "meanResTime" : 979.9545454545454,
    "medianResTime" : 928.5,
    "minResTime" : 753.0,
    "maxResTime" : 1287.0,
    "pct1ResTime" : 1229.8,
    "pct2ResTime" : 1279.05,
    "pct3ResTime" : 1287.0,
    "throughput" : 1.1586875230420814,
    "receivedKBytesPerSec" : 2.822037775846632,
    "sentKBytesPerSec" : 0.7479418483699374
  },
  "ConsultarInfoVehiculoRuntDoc_EHN15F" : {
    "transaction" : "ConsultarInfoVehiculoRuntDoc_EHN15F",
    "sampleCount" : 22,
    "errorCount" : 0,
    "errorPct" : 0.0,
    "meanResTime" : 926.3181818181819,
    "medianResTime" : 915.5,
    "minResTime" : 764.0,
    "maxResTime" : 1256.0,
    "pct1ResTime" : 1123.8999999999999,
    "pct2ResTime" : 1239.1999999999998,
    "pct3ResTime" : 1256.0,
    "throughput" : 1.0739041296495166,
    "receivedKBytesPerSec" : 2.5106703968563897,
    "sentKBytesPerSec" : 0.6932135055647759
  },
  "CalcularPoliza_EHN15F" : {
    "transaction" : "CalcularPoliza_EHN15F",
    "sampleCount" : 21,
    "errorCount" : 0,
    "errorPct" : 0.0,
    "meanResTime" : 839.8095238095239,
    "medianResTime" : 828.0,
    "minResTime" : 692.0,
    "maxResTime" : 1074.0,
    "pct1ResTime" : 996.4,
    "pct2ResTime" : 1066.3,
    "pct3ResTime" : 1074.0,
    "throughput" : 1.0685935273763483,
    "receivedKBytesPerSec" : 1.473490293608793,
    "sentKBytesPerSec" : 1.5256677119377162
  },
  "consultarFormulariosDisponibles" : {
    "transaction" : "consultarFormulariosDisponibles",
    "sampleCount" : 92,
    "errorCount" : 0,
    "errorPct" : 0.0,
    "meanResTime" : 296.95652173913055,
    "medianResTime" : 281.5,
    "minResTime" : 221.0,
    "maxResTime" : 739.0,
    "pct1ResTime" : 356.6,
    "pct2ResTime" : 433.09999999999985,
    "pct3ResTime" : 739.0,
    "throughput" : 4.967602591792656,
    "receivedKBytesPerSec" : 97.8578901187905,
    "sentKBytesPerSec" : 3.347310340172786
  },
  "Debug Sampler" : {
    "transaction" : "Debug Sampler",
    "sampleCount" : 83,
    "errorCount" : 0,
    "errorPct" : 0.0,
    "meanResTime" : 0.15662650602409636,
    "medianResTime" : 0.0,
    "minResTime" : 0.0,
    "maxResTime" : 1.0,
    "pct1ResTime" : 1.0,
    "pct2ResTime" : 1.0,
    "pct3ResTime" : 1.0,
    "throughput" : 5.221439355812783,
    "receivedKBytesPerSec" : 15.257990414255158,
    "sentKBytesPerSec" : 0.0
  },
  "Total" : {
    "transaction" : "Total",
    "sampleCount" : 475,
    "errorCount" : 6,
    "errorPct" : 1.2631578,
    "meanResTime" : 621.9305263157896,
    "medianResTime" : 688.0,
    "minResTime" : 0.0,
    "maxResTime" : 3646.0,
    "pct1ResTime" : 1099.2000000000003,
    "pct2ResTime" : 1692.7999999999993,
    "pct3ResTime" : 2745.2400000000007,
    "throughput" : 21.706347392953436,
    "receivedKBytesPerSec" : 118.90017722090208,
    "sentKBytesPerSec" : 25.560518224763516
  },
  "expedirPolizaXML_PVG01E" : {
    "transaction" : "expedirPolizaXML_PVG01E",
    "sampleCount" : 17,
    "errorCount" : 6,
    "errorPct" : 35.294117,
    "meanResTime" : 721.0,
    "medianResTime" : 280.0,
    "minResTime" : 119.0,
    "maxResTime" : 2113.0,
    "pct1ResTime" : 1973.8,
    "pct2ResTime" : 2113.0,
    "pct3ResTime" : 2113.0,
    "throughput" : 1.0424331616384597,
    "receivedKBytesPerSec" : 1.749644537956831,
    "sentKBytesPerSec" : 3.302395680034339
  },
  "ConsultarInfoVehiculoRuntDoc_SAZ39D" : {
    "transaction" : "ConsultarInfoVehiculoRuntDoc_SAZ39D",
    "sampleCount" : 22,
    "errorCount" : 0,
    "errorPct" : 0.0,
    "meanResTime" : 930.9090909090909,
    "medianResTime" : 903.0,
    "minResTime" : 739.0,
    "maxResTime" : 1358.0,
    "pct1ResTime" : 1148.1999999999998,
    "pct2ResTime" : 1333.5499999999997,
    "pct3ResTime" : 1358.0,
    "throughput" : 1.1243994684657057,
    "receivedKBytesPerSec" : 2.675938969385669,
    "sentKBytesPerSec" : 0.7258086412654605
  },
  "CalcularPoliza_SAZ39D" : {
    "transaction" : "CalcularPoliza_SAZ39D",
    "sampleCount" : 20,
    "errorCount" : 0,
    "errorPct" : 0.0,
    "meanResTime" : 885.1999999999999,
    "medianResTime" : 852.5,
    "minResTime" : 653.0,
    "maxResTime" : 1814.0,
    "pct1ResTime" : 1099.3000000000004,
    "pct2ResTime" : 1779.0999999999995,
    "pct3ResTime" : 1814.0,
    "throughput" : 1.0586491636671607,
    "receivedKBytesPerSec" : 1.459777948337921,
    "sentKBytesPerSec" : 1.5114698020326065
  },
  "expedirPolizaXML_EHN15F" : {
    "transaction" : "expedirPolizaXML_EHN15F",
    "sampleCount" : 19,
    "errorCount" : 0,
    "errorPct" : 0.0,
    "meanResTime" : 1115.6315789473686,
    "medianResTime" : 249.0,
    "minResTime" : 133.0,
    "maxResTime" : 3646.0,
    "pct1ResTime" : 2691.0,
    "pct2ResTime" : 3646.0,
    "pct3ResTime" : 3646.0,
    "throughput" : 0.9570824098327624,
    "receivedKBytesPerSec" : 1.5751325433205723,
    "sentKBytesPerSec" : 3.034811117897441
  }
}